experiment_id,stage,status,lab_commit,deepanalyze_source_commit,model_revision,dataset_version,tracking_url,report
phase1-upstream-smoke,phase-01,completed,d9002cc89e7d72ec1101e1e68f9684f783d74315,d14468b9ef91372359ddcd70da57e0e0f4eb0d1b,214c302cebc61ed92f9c856a3dd47a7fdc588d5f,phase1-synthetic-v1,,labs/phase-01-deployment/results/report.md
phase2-agent-loop-feedback,phase-02,completed,45be5531361096d34faf36ecae7f299354601c97,d14468b9ef91372359ddcd70da57e0e0f4eb0d1b,214c302cebc61ed92f9c856a3dd47a7fdc588d5f,phase2-controlled-feedback-v1,,labs/phase-02-agent-loop/results/report.md
phase3-ds1000-base8b,phase-03,completed,b5ff69dbef43bdb37478106bae5630c747e4c78e,d14468b9ef91372359ddcd70da57e0e0f4eb0d1b,6e8885a6ff5c1dc5201574c8fd700323f23c25fa,ds1000-e8c6daa9d7223976bce0296644f3933f78d7f47830669ff05cd61da62c6ba9b3,,labs/phase-03-evaluation/results/report.md
phase3-ds1000-deepanalyze8b,phase-03,completed,b5ff69dbef43bdb37478106bae5630c747e4c78e,d14468b9ef91372359ddcd70da57e0e0f4eb0d1b,214c302cebc61ed92f9c856a3dd47a7fdc588d5f,ds1000-e8c6daa9d7223976bce0296644f3933f78d7f47830669ff05cd61da62c6ba9b3,,labs/phase-03-evaluation/results/report.md
phase4-data-audit,phase-04,completed,b997e76e7c6cf30d627bd239db493ac05322ff56,d14468b9ef91372359ddcd70da57e0e0f4eb0d1b,not-applicable,datascience-instruct-f2dd0a62927f49f0a1d2465e32dc4072910e7c89,,labs/phase-04-training-data/results/report.md
phase4-smoke-sft,phase-04,completed,b997e76,d14468b,c1899de,data-f2dd-smoke-d1b89,,labs/phase-04-training-data/results/report.md
phase5-data-clean-v1,phase-05,completed,10432b789d828a07ac8e1278fa2aa0e0e519a628,d14468b9ef91372359ddcd70da57e0e0f4eb0d1b,6e8885a6ff5c1dc5201574c8fd700323f23c25fa,clean-v1-6833b4beaa6c8114,,labs/phase-05-single-sft/results/report.md
phase5-8b-preflight,phase-05,completed,10432b789d828a07ac8e1278fa2aa0e0e519a628,d14468b9ef91372359ddcd70da57e0e0f4eb0d1b,6e8885a6ff5c1dc5201574c8fd700323f23c25fa,clean-v1-6833b4beaa6c8114,,labs/phase-05-single-sft/results/report.md
phase5-pilot100,phase-05,in_progress,10432b789d828a07ac8e1278fa2aa0e0e519a628,d14468b9ef91372359ddcd70da57e0e0f4eb0d1b,6e8885a6ff5c1dc5201574c8fd700323f23c25fa,clean-v1-6833b4beaa6c8114,,labs/phase-05-single-sft/results/report.md
